,mean,std,skew,kurt,autocorr
mean,0.00019035610907488091,0.03197217015572041,-0.05454360372591376,8.040060308038655,-0.13961626524368692
std,0.001068335734915461,0.00954352221546172,0.6597882153790434,4.2163718992687915,0.1297806076795141
min,-0.0038399602301329426,0.015514444452601413,-2.0613220989818597,1.1675780800816566,-0.5113156815345608
10%,-0.0011366022195838687,0.022733481396850077,-0.8049241986876557,3.822205025117939,-0.3127786983255104
50%,0.00016987283120345497,0.029332371965879886,-0.03536966917607367,7.00485007773812,-0.1331416606733052
90%,0.0014653349342886393,0.04410025824141223,0.6386859247009128,13.209999262497934,0.023451801570622276
max,0.003942501529026511,0.07481731427144259,3.4220802592720574,45.48717993033286,0.22030687813360536
